{
  "overall": {
    "files_used": 90,
    "polylines_used": 111,
    "width_mean_m": 9.576332731417896,
    "width_median_m": 9.072724002649842,
    "width_ci_low_m": 2.291787267665187,
    "width_ci_high_m": 17.03935234053901
  }
}